METADATA:,,,,,,,,,,
Experiment Seed,Subject,,,,,,,,,
9430769,RA3,,,,,,,,,
Time after setup,20.0050893,,,,,,,,,
Timepoint,Time,Is_correct,Experience Sampling Question,Experience Sampling Response,Task,Task Iteration,Participant ID,Response_Key,Auxillary Data,Assoc Task
 ,,,,,,,,,,
Runtime Mod,14,,,,,,,,,
EXPERIMENT DATA:,GoNoGo Task,,,,,,,,,
Start Time,45.4407661,,,,,,,,,
EXPERIMENT DATA:,Experience Sampling Questions,,,,,,,,,
Start Time,180.5603039,,,,,,,,,
ESQ,197.0889223,,Problem_response,7,Experience Sampling Questions,1,RA 3,,Marker Started at 6,GoNoGo Task
ESQ,214.1361553,,Images_response,9,Experience Sampling Questions,1,RA 3,,Marker Started at 9,GoNoGo Task
ESQ,220.491319,,Distracting_response,2,Experience Sampling Questions,1,RA 3,,Marker Started at 3,GoNoGo Task
ESQ,226.4959318,,Past_response,1.8,Experience Sampling Questions,1,RA 3,,Marker Started at 8,GoNoGo Task
ESQ,230.9832106,,Intrusive_response,2.1,Experience Sampling Questions,1,RA 3,,Marker Started at 3,GoNoGo Task
ESQ,241.2575215,,Emotion_response,5,Experience Sampling Questions,1,RA 3,,Marker Started at 3,GoNoGo Task
ESQ,246.6436018,,Other_response,2.7,Experience Sampling Questions,1,RA 3,,Marker Started at 8,GoNoGo Task
ESQ,251.9982785,,Detailed_response,2.9,Experience Sampling Questions,1,RA 3,,Marker Started at 4,GoNoGo Task
ESQ,261.257393,,Absorption_response,5,Experience Sampling Questions,1,RA 3,,Marker Started at 10,GoNoGo Task
ESQ,267.2797203,,Future_response,2.9,Experience Sampling Questions,1,RA 3,,Marker Started at 4,GoNoGo Task
ESQ,272.2988741,,Self_response,5.8,Experience Sampling Questions,1,RA 3,,Marker Started at 8,GoNoGo Task
ESQ,277.1852454,,Sounds_response,1,Experience Sampling Questions,1,RA 3,,Marker Started at 10,GoNoGo Task
ESQ,284.7415648,,Deliberate_response,9.3,Experience Sampling Questions,1,RA 3,,Marker Started at 4,GoNoGo Task
ESQ,291.3306736,,Words_response,2.1,Experience Sampling Questions,1,RA 3,,Marker Started at 5,GoNoGo Task
ESQ,297.868277,,Knowledge_response,2,Experience Sampling Questions,1,RA 3,,Marker Started at 2,GoNoGo Task
ESQ,306.243755,,Focus_response,9.3,Experience Sampling Questions,1,RA 3,,Marker Started at 10,GoNoGo Task
 ,,,,,,,,,,
Runtime Mod,-9,,,,,,,,,
EXPERIMENT DATA:,GoNoGo Task,,,,,,,,,
Start Time,306.2670857,,,,,,,,,
EXPERIMENT DATA:,Experience Sampling Questions,,,,,,,,,
Start Time,384.0879052,,,,,,,,,
ESQ,394.1950113,,Absorption_response,7,Experience Sampling Questions,1,RA 3,,Marker Started at 4,GoNoGo Task
ESQ,400.250929,,Future_response,2.4,Experience Sampling Questions,1,RA 3,,Marker Started at 7,GoNoGo Task
ESQ,404.6202597,,Focus_response,9.2,Experience Sampling Questions,1,RA 3,,Marker Started at 2,GoNoGo Task
ESQ,410.4413009,,Words_response,6,Experience Sampling Questions,1,RA 3,,Marker Started at 10,GoNoGo Task
ESQ,416.9955215,,Sounds_response,6.3,Experience Sampling Questions,1,RA 3,,Marker Started at 7,GoNoGo Task
ESQ,421.0823469,,Self_response,2.6,Experience Sampling Questions,1,RA 3,,Marker Started at 6,GoNoGo Task
ESQ,427.3714949,,Detailed_response,4,Experience Sampling Questions,1,RA 3,,Marker Started at 6,GoNoGo Task
ESQ,433.7758497,,Emotion_response,5,Experience Sampling Questions,1,RA 3,,Marker Started at 4,GoNoGo Task
ESQ,439.763395,,Past_response,2.5,Experience Sampling Questions,1,RA 3,,Marker Started at 6,GoNoGo Task
ESQ,445.4202981,,Distracting_response,1.9,Experience Sampling Questions,1,RA 3,,Marker Started at 4,GoNoGo Task
ESQ,450.1233638,,Intrusive_response,2.6,Experience Sampling Questions,1,RA 3,,Marker Started at 9,GoNoGo Task
ESQ,456.4945704,,Other_response,2.5,Experience Sampling Questions,1,RA 3,,Marker Started at 7,GoNoGo Task
ESQ,462.4496574,,Images_response,9.6,Experience Sampling Questions,1,RA 3,,Marker Started at 4,GoNoGo Task
ESQ,469.570927,,Problem_response,3.7,Experience Sampling Questions,1,RA 3,,Marker Started at 3,GoNoGo Task
ESQ,477.8954667,,Knowledge_response,3.8,Experience Sampling Questions,1,RA 3,,Marker Started at 9,GoNoGo Task
ESQ,483.1988313,,Deliberate_response,7.4,Experience Sampling Questions,1,RA 3,,Marker Started at 9,GoNoGo Task
 ,,,,,,,,,,
Runtime Mod,-8,,,,,,,,,
EXPERIMENT DATA:,GoNoGo Task,,,,,,,,,
Start Time,483.2169797,,,,,,,,,
EXPERIMENT DATA:,Experience Sampling Questions,,,,,,,,,
Start Time,554.9562886,,,,,,,,,
ESQ,567.8321085,,Sounds_response,3.8,Experience Sampling Questions,1,RA 3,,Marker Started at 8,GoNoGo Task
ESQ,574.3892938,,Deliberate_response,4.7,Experience Sampling Questions,1,RA 3,,Marker Started at 9,GoNoGo Task
ESQ,579.7918786,,Detailed_response,5.6,Experience Sampling Questions,1,RA 3,,Marker Started at 4,GoNoGo Task
ESQ,582.8115301,,Images_response,2,Experience Sampling Questions,1,RA 3,,Marker Started at 2,GoNoGo Task
ESQ,588.382095,,Distracting_response,5.6,Experience Sampling Questions,1,RA 3,,Marker Started at 4,GoNoGo Task
ESQ,595.1053066,,Focus_response,7.1,Experience Sampling Questions,1,RA 3,,Marker Started at 2,GoNoGo Task
ESQ,600.6086216,,Future_response,2.6,Experience Sampling Questions,1,RA 3,,Marker Started at 6,GoNoGo Task
ESQ,603.4276374,,Emotion_response,5,Experience Sampling Questions,1,RA 3,,Marker Started at 5,GoNoGo Task
ESQ,609.2485814,,Past_response,5.2,Experience Sampling Questions,1,RA 3,,Marker Started at 8,GoNoGo Task
ESQ,612.2675889,,Other_response,3,Experience Sampling Questions,1,RA 3,,Marker Started at 3,GoNoGo Task
ESQ,618.4724454,,Problem_response,6.1,Experience Sampling Questions,1,RA 3,,Marker Started at 2,GoNoGo Task
ESQ,622.9423095,,Absorption_response,10,Experience Sampling Questions,1,RA 3,,Marker Started at 10,GoNoGo Task
ESQ,627.4631072,,Self_response,7,Experience Sampling Questions,1,RA 3,,Marker Started at 8,GoNoGo Task
ESQ,631.5167133,,Words_response,8,Experience Sampling Questions,1,RA 3,,Marker Started at 8,GoNoGo Task
ESQ,638.59014,,Knowledge_response,5.5,Experience Sampling Questions,1,RA 3,,Marker Started at 7,GoNoGo Task
ESQ,642.006501,,Intrusive_response,5.5,Experience Sampling Questions,1,RA 3,,Marker Started at 7,GoNoGo Task
 ,,,,,,,,,,
Runtime Mod,-9,,,,,,,,,
EXPERIMENT DATA:,Finger Tapping Task,,,,,,,,,
Start Time,642.0179428,,,,,,,,,
EXPERIMENT DATA:,Experience Sampling Questions,,,,,,,,,
Start Time,742.9720134,,,,,,,,,
ESQ,748.8753592,,Other_response,5.2,Experience Sampling Questions,1,RA 3,,Marker Started at 5,Finger Tapping Task
ESQ,754.3481869,,Problem_response,5.2,Experience Sampling Questions,1,RA 3,,Marker Started at 3,Finger Tapping Task
ESQ,760.034703,,Future_response,5.4,Experience Sampling Questions,1,RA 3,,Marker Started at 6,Finger Tapping Task
ESQ,764.8717773,,Deliberate_response,2.4,Experience Sampling Questions,1,RA 3,,Marker Started at 4,Finger Tapping Task
ESQ,767.8567861,,Detailed_response,3,Experience Sampling Questions,1,RA 3,,Marker Started at 3,Finger Tapping Task
ESQ,771.3596596,,Intrusive_response,2.5,Experience Sampling Questions,1,RA 3,,Marker Started at 3,Finger Tapping Task
ESQ,773.7773215,,Emotion_response,5,Experience Sampling Questions,1,RA 3,,Marker Started at 5,Finger Tapping Task
ESQ,778.0815704,,Past_response,2.6,Experience Sampling Questions,1,RA 3,,Marker Started at 4,Finger Tapping Task
ESQ,782.6853234,,Focus_response,9.2,Experience Sampling Questions,1,RA 3,,Marker Started at 5,Finger Tapping Task
ESQ,787.0223669,,Images_response,9,Experience Sampling Questions,1,RA 3,,Marker Started at 8,Finger Tapping Task
ESQ,790.7415881,,Distracting_response,2.2,Experience Sampling Questions,1,RA 3,,Marker Started at 5,Finger Tapping Task
ESQ,795.8460796,,Absorption_response,8.4,Experience Sampling Questions,1,RA 3,,Marker Started at 7,Finger Tapping Task
ESQ,806.8721064,,Knowledge_response,7,Experience Sampling Questions,1,RA 3,,Marker Started at 5,Finger Tapping Task
ESQ,811.9582663,,Sounds_response,6.5,Experience Sampling Questions,1,RA 3,,Marker Started at 9,Finger Tapping Task
ESQ,816.4460333,,Words_response,2.6,Experience Sampling Questions,1,RA 3,,Marker Started at 9,Finger Tapping Task
ESQ,821.168054,,Self_response,7.5,Experience Sampling Questions,1,RA 3,,Marker Started at 10,Finger Tapping Task
 ,,,,,,,,,,
Runtime Mod,10,,,,,,,,,
EXPERIMENT DATA:,Finger Tapping Task,,,,,,,,,
Start Time,821.1814203,,,,,,,,,
EXPERIMENT DATA:,Experience Sampling Questions,,,,,,,,,
Start Time,916.9428238,,,,,,,,,
ESQ,931.7031741,,Absorption_response,8.9,Experience Sampling Questions,1,RA 3,,Marker Started at 9,Finger Tapping Task
ESQ,935.5401828,,Words_response,6.4,Experience Sampling Questions,1,RA 3,,Marker Started at 10,Finger Tapping Task
ESQ,940.4607048,,Self_response,3.5,Experience Sampling Questions,1,RA 3,,Marker Started at 3,Finger Tapping Task
ESQ,943.1457656,,Other_response,3,Experience Sampling Questions,1,RA 3,,Marker Started at 3,Finger Tapping Task
ESQ,945.8810637,,Distracting_response,2.6,Experience Sampling Questions,1,RA 3,,Marker Started at 3,Finger Tapping Task
ESQ,952.8700574,,Detailed_response,4.2,Experience Sampling Questions,1,RA 3,,Marker Started at 3,Finger Tapping Task
ESQ,957.5074981,,Focus_response,9.2,Experience Sampling Questions,1,RA 3,,Marker Started at 5,Finger Tapping Task
ESQ,960.8596056,,Intrusive_response,3.8,Experience Sampling Questions,1,RA 3,,Marker Started at 6,Finger Tapping Task
ESQ,963.9443549,,Future_response,3.4,Experience Sampling Questions,1,RA 3,,Marker Started at 4,Finger Tapping Task
ESQ,970.6669541,,Problem_response,7.5,Experience Sampling Questions,1,RA 3,,Marker Started at 3,Finger Tapping Task
ESQ,974.853856,,Images_response,6.9,Experience Sampling Questions,1,RA 3,,Marker Started at 5,Finger Tapping Task
ESQ,979.8075264,,Past_response,6.6,Experience Sampling Questions,1,RA 3,,Marker Started at 10,Finger Tapping Task
ESQ,986.2300708,,Deliberate_response,7.8,Experience Sampling Questions,1,RA 3,,Marker Started at 3,Finger Tapping Task
ESQ,998.9904864,,Sounds_response,9,Experience Sampling Questions,1,RA 3,,Marker Started at 7,Finger Tapping Task
ESQ,1006.0277,,Knowledge_response,4.7,Experience Sampling Questions,1,RA 3,,Marker Started at 6,Finger Tapping Task
ESQ,1011.599226,,Emotion_response,5.2,Experience Sampling Questions,1,RA 3,,Marker Started at 2,Finger Tapping Task
 ,,,,,,,,,,
Runtime Mod,-12,,,,,,,,,
EXPERIMENT DATA:,Finger Tapping Task,,,,,,,,,
Start Time,1011.610521,,,,,,,,,
EXPERIMENT DATA:,Experience Sampling Questions,,,,,,,,,
Start Time,1095.718889,,,,,,,,,
ESQ,1106.708799,,Words_response,3.6,Experience Sampling Questions,1,RA 3,,Marker Started at 3,Finger Tapping Task
ESQ,1109.695843,,Past_response,3,Experience Sampling Questions,1,RA 3,,Marker Started at 3,Finger Tapping Task
ESQ,1115.965822,,Images_response,7.4,Experience Sampling Questions,1,RA 3,,Marker Started at 4,Finger Tapping Task
ESQ,1122.054206,,Knowledge_response,5.1,Experience Sampling Questions,1,RA 3,,Marker Started at 5,Finger Tapping Task
ESQ,1126.875292,,Intrusive_response,7.5,Experience Sampling Questions,1,RA 3,,Marker Started at 9,Finger Tapping Task
ESQ,1133.43125,,Self_response,5.8,Experience Sampling Questions,1,RA 3,,Marker Started at 7,Finger Tapping Task
ESQ,1146.239813,,Emotion_response,5.3,Experience Sampling Questions,1,RA 3,,Marker Started at 3,Finger Tapping Task
ESQ,1153.196185,,Deliberate_response,6.5,Experience Sampling Questions,1,RA 3,,Marker Started at 9,Finger Tapping Task
ESQ,1170.07484,,Problem_response,6.6,Experience Sampling Questions,1,RA 3,,Marker Started at 10,Finger Tapping Task
ESQ,1176.246606,,Focus_response,9,Experience Sampling Questions,1,RA 3,,Marker Started at 8,Finger Tapping Task
ESQ,1181.818339,,Detailed_response,6.2,Experience Sampling Questions,1,RA 3,,Marker Started at 5,Finger Tapping Task
ESQ,1187.622567,,Distracting_response,6,Experience Sampling Questions,1,RA 3,,Marker Started at 10,Finger Tapping Task
ESQ,1192.526321,,Absorption_response,8.8,Experience Sampling Questions,1,RA 3,,Marker Started at 8,Finger Tapping Task
ESQ,1199.417004,,Other_response,5.3,Experience Sampling Questions,1,RA 3,,Marker Started at 10,Finger Tapping Task
ESQ,1203.035119,,Future_response,3.3,Experience Sampling Questions,1,RA 3,,Marker Started at 10,Finger Tapping Task
ESQ,1206.904231,,Sounds_response,8.3,Experience Sampling Questions,1,RA 3,,Marker Started at 3,Finger Tapping Task
 ,,,,,,,,,,
Runtime Mod,5,,,,,,,,,
EXPERIMENT DATA:,Zero-Back Task,,,,,,,,,
Start Time,1244.026646,,,,,,,,,
EXPERIMENT DATA:,Experience Sampling Questions,,,,,,,,,
Start Time,1364.200395,,,,,,,,,
ESQ,1373.402853,,Distracting_response,7.7,Experience Sampling Questions,1,RA 3,,Marker Started at 8,Zero-Back Task
ESQ,1378.306317,,Past_response,3.4,Experience Sampling Questions,1,RA 3,,Marker Started at 4,Zero-Back Task
ESQ,1381.093517,,Images_response,2,Experience Sampling Questions,1,RA 3,,Marker Started at 2,Zero-Back Task
ESQ,1384.896524,,Self_response,8.2,Experience Sampling Questions,1,RA 3,,Marker Started at 6,Zero-Back Task
ESQ,1390.817797,,Absorption_response,7.4,Experience Sampling Questions,1,RA 3,,Marker Started at 5,Zero-Back Task
ESQ,1394.385723,,Knowledge_response,3,Experience Sampling Questions,1,RA 3,,Marker Started at 3,Zero-Back Task
ESQ,1398.306065,,Future_response,7.1,Experience Sampling Questions,1,RA 3,,Marker Started at 8,Zero-Back Task
ESQ,1402.410881,,Intrusive_response,4.4,Experience Sampling Questions,1,RA 3,,Marker Started at 5,Zero-Back Task
ESQ,1408.398243,,Deliberate_response,6.3,Experience Sampling Questions,1,RA 3,,Marker Started at 9,Zero-Back Task
ESQ,1412.750318,,Sounds_response,2,Experience Sampling Questions,1,RA 3,,Marker Started at 7,Zero-Back Task
ESQ,1421.490339,,Detailed_response,3.4,Experience Sampling Questions,1,RA 3,,Marker Started at 2,Zero-Back Task
ESQ,1425.878149,,Other_response,8.6,Experience Sampling Questions,1,RA 3,,Marker Started at 4,Zero-Back Task
ESQ,1430.232835,,Emotion_response,5.2,Experience Sampling Questions,1,RA 3,,Marker Started at 4,Zero-Back Task
ESQ,1434.050916,,Problem_response,7.4,Experience Sampling Questions,1,RA 3,,Marker Started at 7,Zero-Back Task
ESQ,1437.771142,,Focus_response,6.8,Experience Sampling Questions,1,RA 3,,Marker Started at 6,Zero-Back Task
ESQ,1442.923564,,Words_response,8,Experience Sampling Questions,1,RA 3,,Marker Started at 2,Zero-Back Task
 ,,,,,,,,,,
Runtime Mod,-12,,,,,,,,,
EXPERIMENT DATA:,Zero-Back Task,,,,,,,,,
Start Time,1442.932799,,,,,,,,,
EXPERIMENT DATA:,Experience Sampling Questions,,,,,,,,,
Start Time,1510.847477,,,,,,,,,
ESQ,1517.867588,,Problem_response,6.7,Experience Sampling Questions,1,RA 3,,Marker Started at 10,Zero-Back Task
ESQ,1522.337069,,Detailed_response,7.3,Experience Sampling Questions,1,RA 3,,Marker Started at 4,Zero-Back Task
ESQ,1528.976995,,Self_response,7.3,Experience Sampling Questions,1,RA 3,,Marker Started at 10,Zero-Back Task
ESQ,1533.563019,,Distracting_response,8.3,Experience Sampling Questions,1,RA 3,,Marker Started at 7,Zero-Back Task
ESQ,1536.414161,,Other_response,2,Experience Sampling Questions,1,RA 3,,Marker Started at 2,Zero-Back Task
ESQ,1542.469366,,Absorption_response,7.8,Experience Sampling Questions,1,RA 3,,Marker Started at 2,Zero-Back Task
ESQ,1547.173091,,Deliberate_response,2.8,Experience Sampling Questions,1,RA 3,,Marker Started at 9,Zero-Back Task
ESQ,1552.244524,,Images_response,1,Experience Sampling Questions,1,RA 3,,Marker Started at 10,Zero-Back Task
ESQ,1557.231691,,Sounds_response,2.7,Experience Sampling Questions,1,RA 3,,Marker Started at 6,Zero-Back Task
ESQ,1563.353297,,Knowledge_response,3.4,Experience Sampling Questions,1,RA 3,,Marker Started at 6,Zero-Back Task
ESQ,1567.506546,,Focus_response,6.9,Experience Sampling Questions,1,RA 3,,Marker Started at 6,Zero-Back Task
ESQ,1571.494256,,Future_response,2.8,Experience Sampling Questions,1,RA 3,,Marker Started at 5,Zero-Back Task
ESQ,1575.713255,,Emotion_response,5,Experience Sampling Questions,1,RA 3,,Marker Started at 3,Zero-Back Task
ESQ,1584.65389,,Intrusive_response,7.3,Experience Sampling Questions,1,RA 3,,Marker Started at 8,Zero-Back Task
ESQ,1589.290403,,Words_response,10,Experience Sampling Questions,1,RA 3,,Marker Started at 2,Zero-Back Task
ESQ,1593.478381,,Past_response,2.6,Experience Sampling Questions,1,RA 3,,Marker Started at 5,Zero-Back Task
 ,,,,,,,,,,
Runtime Mod,10,,,,,,,,,
EXPERIMENT DATA:,Zero-Back Task,,,,,,,,,
Start Time,1593.493445,,,,,,,,,
EXPERIMENT DATA:,Experience Sampling Questions,,,,,,,,,
Start Time,1682.384609,,,,,,,,,
ESQ,1687.468507,,Images_response,5.5,Experience Sampling Questions,1,RA 3,,Marker Started at 4,Zero-Back Task
ESQ,1691.639419,,Future_response,2.2,Experience Sampling Questions,1,RA 3,,Marker Started at 5,Zero-Back Task
ESQ,1694.623255,,Sounds_response,2,Experience Sampling Questions,1,RA 3,,Marker Started at 2,Zero-Back Task
ESQ,1699.477496,,Detailed_response,7.2,Experience Sampling Questions,1,RA 3,,Marker Started at 4,Zero-Back Task
ESQ,1704.114428,,Deliberate_response,2.8,Experience Sampling Questions,1,RA 3,,Marker Started at 5,Zero-Back Task
ESQ,1709.218537,,Focus_response,6,Experience Sampling Questions,1,RA 3,,Marker Started at 9,Zero-Back Task
ESQ,1714.155814,,Knowledge_response,5.4,Experience Sampling Questions,1,RA 3,,Marker Started at 9,Zero-Back Task
ESQ,1717.907491,,Problem_response,3.3,Experience Sampling Questions,1,RA 3,,Marker Started at 7,Zero-Back Task
ESQ,1722.312824,,Past_response,6.3,Experience Sampling Questions,1,RA 3,,Marker Started at 4,Zero-Back Task
ESQ,1725.515208,,Intrusive_response,8,Experience Sampling Questions,1,RA 3,,Marker Started at 6,Zero-Back Task
ESQ,1729.618102,,Distracting_response,7.9,Experience Sampling Questions,1,RA 3,,Marker Started at 6,Zero-Back Task
ESQ,1733.25347,,Absorption_response,7,Experience Sampling Questions,1,RA 3,,Marker Started at 8,Zero-Back Task
ESQ,1737.440808,,Words_response,6.5,Experience Sampling Questions,1,RA 3,,Marker Started at 3,Zero-Back Task
ESQ,1743.228788,,Self_response,9.3,Experience Sampling Questions,1,RA 3,,Marker Started at 4,Zero-Back Task
ESQ,1751.386504,,Emotion_response,4.1,Experience Sampling Questions,1,RA 3,,Marker Started at 8,Zero-Back Task
ESQ,1765.41239,,Other_response,7,Experience Sampling Questions,1,RA 3,,Marker Started at 3,Zero-Back Task
 ,,,,,,,,,,
Runtime Mod,11,,,,,,,,,
EXPERIMENT DATA:,One-Back Task,,,,,,,,,
Start Time,1765.422061,,,,,,,,,
EXPERIMENT DATA:,Experience Sampling Questions,,,,,,,,,
Start Time,1857.506113,,,,,,,,,
ESQ,1865.042056,,Focus_response,8.2,Experience Sampling Questions,1,RA 3,,Marker Started at 3,One-Back Task
ESQ,1869.028205,,Future_response,2.7,Experience Sampling Questions,1,RA 3,,Marker Started at 4,One-Back Task
ESQ,1876.302077,,Absorption_response,6.6,Experience Sampling Questions,1,RA 3,,Marker Started at 3,One-Back Task
ESQ,1883.871898,,Intrusive_response,3.8,Experience Sampling Questions,1,RA 3,,Marker Started at 4,One-Back Task
ESQ,1887.142549,,Other_response,2.5,Experience Sampling Questions,1,RA 3,,Marker Started at 5,One-Back Task
ESQ,1892.06468,,Past_response,2.6,Experience Sampling Questions,1,RA 3,,Marker Started at 7,One-Back Task
ESQ,1895.531758,,Images_response,8.3,Experience Sampling Questions,1,RA 3,,Marker Started at 3,One-Back Task
ESQ,1902.187727,,Detailed_response,7.4,Experience Sampling Questions,1,RA 3,,Marker Started at 4,One-Back Task
ESQ,1904.873289,,Words_response,7.7,Experience Sampling Questions,1,RA 3,,Marker Started at 9,One-Back Task
ESQ,1911.246601,,Distracting_response,4.7,Experience Sampling Questions,1,RA 3,,Marker Started at 5,One-Back Task
ESQ,1915.482066,,Deliberate_response,8,Experience Sampling Questions,1,RA 3,,Marker Started at 8,One-Back Task
ESQ,1922.070133,,Emotion_response,5.3,Experience Sampling Questions,1,RA 3,,Marker Started at 8,One-Back Task
ESQ,1929.309528,,Problem_response,6.8,Experience Sampling Questions,1,RA 3,,Marker Started at 2,One-Back Task
ESQ,1933.561221,,Self_response,3,Experience Sampling Questions,1,RA 3,,Marker Started at 5,One-Back Task
ESQ,1937.25023,,Knowledge_response,2,Experience Sampling Questions,1,RA 3,,Marker Started at 2,One-Back Task
ESQ,1941.136544,,Sounds_response,3,Experience Sampling Questions,1,RA 3,,Marker Started at 3,One-Back Task
 ,,,,,,,,,,
Runtime Mod,15,,,,,,,,,
EXPERIMENT DATA:,One-Back Task,,,,,,,,,
Start Time,1941.151457,,,,,,,,,
EXPERIMENT DATA:,Experience Sampling Questions,,,,,,,,,
Start Time,2043.352859,,,,,,,,,
ESQ,2056.626381,,Deliberate_response,7.1,Experience Sampling Questions,1,RA 3,,Marker Started at 2,One-Back Task
ESQ,2059.412052,,Images_response,3,Experience Sampling Questions,1,RA 3,,Marker Started at 3,One-Back Task
ESQ,2064.598489,,Sounds_response,2.9,Experience Sampling Questions,1,RA 3,,Marker Started at 10,One-Back Task
ESQ,2078.327165,,Absorption_response,7.5,Experience Sampling Questions,1,RA 3,,Marker Started at 10,One-Back Task
ESQ,2081.947977,,Self_response,3.3,Experience Sampling Questions,1,RA 3,,Marker Started at 2,One-Back Task
ESQ,2085.731767,,Focus_response,8.1,Experience Sampling Questions,1,RA 3,,Marker Started at 8,One-Back Task
ESQ,2089.303439,,Detailed_response,8.2,Experience Sampling Questions,1,RA 3,,Marker Started at 6,One-Back Task
ESQ,2092.621997,,Knowledge_response,2.4,Experience Sampling Questions,1,RA 3,,Marker Started at 4,One-Back Task
ESQ,2097.109572,,Past_response,2.5,Experience Sampling Questions,1,RA 3,,Marker Started at 9,One-Back Task
ESQ,2101.794319,,Other_response,2.8,Experience Sampling Questions,1,RA 3,,Marker Started at 10,One-Back Task
ESQ,2104.981376,,Distracting_response,3,Experience Sampling Questions,1,RA 3,,Marker Started at 3,One-Back Task
ESQ,2110.486279,,Emotion_response,5.1,Experience Sampling Questions,1,RA 3,,Marker Started at 4,One-Back Task
ESQ,2113.838004,,Future_response,2.4,Experience Sampling Questions,1,RA 3,,Marker Started at 5,One-Back Task
ESQ,2119.009106,,Problem_response,2,Experience Sampling Questions,1,RA 3,,Marker Started at 2,One-Back Task
ESQ,2122.97871,,Words_response,3.7,Experience Sampling Questions,1,RA 3,,Marker Started at 7,One-Back Task
ESQ,2126.797702,,Intrusive_response,3.6,Experience Sampling Questions,1,RA 3,,Marker Started at 8,One-Back Task
 ,,,,,,,,,,
Runtime Mod,9,,,,,,,,,
EXPERIMENT DATA:,One-Back Task,,,,,,,,,
Start Time,2126.80668,,,,,,,,,
EXPERIMENT DATA:,Experience Sampling Questions,,,,,,,,,
Start Time,2218.488846,,,,,,,,,
ESQ,2223.807848,,Emotion_response,5.2,Experience Sampling Questions,1,RA 3,,Marker Started at 3,One-Back Task
ESQ,2231.647149,,Detailed_response,6.7,Experience Sampling Questions,1,RA 3,,Marker Started at 8,One-Back Task
ESQ,2234.049874,,Self_response,2,Experience Sampling Questions,1,RA 3,,Marker Started at 2,One-Back Task
ESQ,2237.836028,,Focus_response,8.2,Experience Sampling Questions,1,RA 3,,Marker Started at 10,One-Back Task
ESQ,2240.923615,,Absorption_response,8.1,Experience Sampling Questions,1,RA 3,,Marker Started at 7,One-Back Task
ESQ,2243.976075,,Problem_response,3.4,Experience Sampling Questions,1,RA 3,,Marker Started at 6,One-Back Task
ESQ,2247.511355,,Sounds_response,2.7,Experience Sampling Questions,1,RA 3,,Marker Started at 5,One-Back Task
ESQ,2254.681687,,Deliberate_response,2.8,Experience Sampling Questions,1,RA 3,,Marker Started at 4,One-Back Task
ESQ,2259.470149,,Distracting_response,3.5,Experience Sampling Questions,1,RA 3,,Marker Started at 2,One-Back Task
ESQ,2262.672425,,Past_response,2.7,Experience Sampling Questions,1,RA 3,,Marker Started at 7,One-Back Task
ESQ,2268.260419,,Words_response,3.3,Experience Sampling Questions,1,RA 3,,Marker Started at 2,One-Back Task
ESQ,2273.33158,,Images_response,8.4,Experience Sampling Questions,1,RA 3,,Marker Started at 9,One-Back Task
ESQ,2276.566311,,Intrusive_response,3.7,Experience Sampling Questions,1,RA 3,,Marker Started at 6,One-Back Task
ESQ,2280.186456,,Other_response,2.8,Experience Sampling Questions,1,RA 3,,Marker Started at 6,One-Back Task
ESQ,2286.306544,,Knowledge_response,3.4,Experience Sampling Questions,1,RA 3,,Marker Started at 5,One-Back Task
ESQ,2293.380921,,Future_response,3,Experience Sampling Questions,1,RA 3,,Marker Started at 3,One-Back Task
 ,,,,,,,,,,
Runtime Mod,-13,,,,,,,,,
EXPERIMENT DATA:,Friend Task,,,,,,,,,
Start Time,2367.311278,,,,,,,,,
EXPERIMENT DATA:,Experience Sampling Questions,,,,,,,,,
Start Time,2455.767609,,,,,,,,,
ESQ,2464.764743,,Deliberate_response,4.2,Experience Sampling Questions,1,RA 3,,Marker Started at 9,Friend Task
ESQ,2469.052455,,Problem_response,2.7,Experience Sampling Questions,1,RA 3,,Marker Started at 9,Friend Task
ESQ,2472.404162,,Sounds_response,2.8,Experience Sampling Questions,1,RA 3,,Marker Started at 10,Friend Task
ESQ,2479.595128,,Emotion_response,6.7,Experience Sampling Questions,1,RA 3,,Marker Started at 3,Friend Task
ESQ,2482.729248,,Other_response,10,Experience Sampling Questions,1,RA 3,,Marker Started at 5,Friend Task
ESQ,2486.032395,,Future_response,2.5,Experience Sampling Questions,1,RA 3,,Marker Started at 5,Friend Task
ESQ,2489.834272,,Absorption_response,7.4,Experience Sampling Questions,1,RA 3,,Marker Started at 9,Friend Task
ESQ,2492.937784,,Knowledge_response,8.6,Experience Sampling Questions,1,RA 3,,Marker Started at 9,Friend Task
ESQ,2496.573339,,Detailed_response,3.8,Experience Sampling Questions,1,RA 3,,Marker Started at 7,Friend Task
ESQ,2501.461744,,Past_response,9.4,Experience Sampling Questions,1,RA 3,,Marker Started at 10,Friend Task
ESQ,2505.547242,,Self_response,7.4,Experience Sampling Questions,1,RA 3,,Marker Started at 8,Friend Task
ESQ,2509.518912,,Intrusive_response,4.4,Experience Sampling Questions,1,RA 3,,Marker Started at 8,Friend Task
ESQ,2513.420852,,Focus_response,8.1,Experience Sampling Questions,1,RA 3,,Marker Started at 7,Friend Task
ESQ,2517.292083,,Distracting_response,4.5,Experience Sampling Questions,1,RA 3,,Marker Started at 9,Friend Task
ESQ,2522.843235,,Words_response,6.6,Experience Sampling Questions,1,RA 3,,Marker Started at 8,Friend Task
ESQ,2527.481991,,Images_response,6.9,Experience Sampling Questions,1,RA 3,,Marker Started at 5,Friend Task
 ,,,,,,,,,,
Runtime Mod,11,,,,,,,,,
EXPERIMENT DATA:,Friend Task,,,,,,,,,
Start Time,2527.49864,,,,,,,,,
EXPERIMENT DATA:,Experience Sampling Questions,,,,,,,,,
Start Time,2629.638373,,,,,,,,,
ESQ,2635.934238,,Detailed_response,6.6,Experience Sampling Questions,1,RA 3,,Marker Started at 3,Friend Task
ESQ,2642.621976,,Problem_response,3.4,Experience Sampling Questions,1,RA 3,,Marker Started at 4,Friend Task
ESQ,2646.627667,,Other_response,10,Experience Sampling Questions,1,RA 3,,Marker Started at 4,Friend Task
ESQ,2650.71354,,Past_response,8.2,Experience Sampling Questions,1,RA 3,,Marker Started at 8,Friend Task
ESQ,2657.08541,,Distracting_response,3.7,Experience Sampling Questions,1,RA 3,,Marker Started at 2,Friend Task
ESQ,2660.136682,,Sounds_response,1,Experience Sampling Questions,1,RA 3,,Marker Started at 3,Friend Task
ESQ,2664.455271,,Words_response,8,Experience Sampling Questions,1,RA 3,,Marker Started at 10,Friend Task
ESQ,2667.442633,,Images_response,3.7,Experience Sampling Questions,1,RA 3,,Marker Started at 6,Friend Task
ESQ,2674.049992,,Future_response,6.3,Experience Sampling Questions,1,RA 3,,Marker Started at 3,Friend Task
ESQ,2677.218481,,Self_response,7.7,Experience Sampling Questions,1,RA 3,,Marker Started at 5,Friend Task
ESQ,2680.986456,,Intrusive_response,2.5,Experience Sampling Questions,1,RA 3,,Marker Started at 2,Friend Task
ESQ,2685.023094,,Deliberate_response,6.6,Experience Sampling Questions,1,RA 3,,Marker Started at 4,Friend Task
ESQ,2690.81157,,Emotion_response,3.5,Experience Sampling Questions,1,RA 3,,Marker Started at 9,Friend Task
ESQ,2695.598275,,Focus_response,7.7,Experience Sampling Questions,1,RA 3,,Marker Started at 9,Friend Task
ESQ,2699.050877,,Absorption_response,7.8,Experience Sampling Questions,1,RA 3,,Marker Started at 2,Friend Task
ESQ,2703.82155,,Knowledge_response,7.3,Experience Sampling Questions,1,RA 3,,Marker Started at 2,Friend Task
 ,,,,,,,,,,
Runtime Mod,-8,,,,,,,,,
EXPERIMENT DATA:,Friend Task,,,,,,,,,
Start Time,2703.831695,,,,,,,,,
EXPERIMENT DATA:,Experience Sampling Questions,,,,,,,,,
Start Time,2778.03734,,,,,,,,,
ESQ,2786.486752,,Distracting_response,3.4,Experience Sampling Questions,1,RA 3,,Marker Started at 7,Friend Task
ESQ,2790.591141,,Words_response,8.3,Experience Sampling Questions,1,RA 3,,Marker Started at 5,Friend Task
ESQ,2794.809727,,Past_response,8.4,Experience Sampling Questions,1,RA 3,,Marker Started at 8,Friend Task
ESQ,2797.562138,,Self_response,8.1,Experience Sampling Questions,1,RA 3,,Marker Started at 6,Friend Task
ESQ,2800.582684,,Future_response,2,Experience Sampling Questions,1,RA 3,,Marker Started at 2,Friend Task
ESQ,2805.518403,,Emotion_response,4.2,Experience Sampling Questions,1,RA 3,,Marker Started at 5,Friend Task
ESQ,2810.439012,,Other_response,10,Experience Sampling Questions,1,RA 3,,Marker Started at 4,Friend Task
ESQ,2813.259418,,Focus_response,8,Experience Sampling Questions,1,RA 3,,Marker Started at 8,Friend Task
ESQ,2817.544,,Intrusive_response,5.8,Experience Sampling Questions,1,RA 3,,Marker Started at 4,Friend Task
ESQ,2821.565947,,Images_response,6.2,Experience Sampling Questions,1,RA 3,,Marker Started at 3,Friend Task
ESQ,2827.203142,,Problem_response,3.7,Experience Sampling Questions,1,RA 3,,Marker Started at 9,Friend Task
ESQ,2833.97548,,Detailed_response,8.1,Experience Sampling Questions,1,RA 3,,Marker Started at 2,Friend Task
ESQ,2838.846274,,Knowledge_response,8,Experience Sampling Questions,1,RA 3,,Marker Started at 10,Friend Task
ESQ,2843.481697,,Deliberate_response,6.3,Experience Sampling Questions,1,RA 3,,Marker Started at 2,Friend Task
ESQ,2848.352262,,Absorption_response,8.9,Experience Sampling Questions,1,RA 3,,Marker Started at 2,Friend Task
ESQ,2851.922839,,Sounds_response,2.1,Experience Sampling Questions,1,RA 3,,Marker Started at 4,Friend Task
 ,,,,,,,,,,
Runtime Mod,7,,,,,,,,,
EXPERIMENT DATA:,You Task,,,,,,,,,
Start Time,2851.943777,,,,,,,,,
EXPERIMENT DATA:,Experience Sampling Questions,,,,,,,,,
Start Time,2940.298797,,,,,,,,,
ESQ,2945.562422,,Detailed_response,8.6,Experience Sampling Questions,1,RA 3,,Marker Started at 10,You Task
ESQ,2949.564982,,Problem_response,3.4,Experience Sampling Questions,1,RA 3,,Marker Started at 6,You Task
ESQ,2951.851719,,Sounds_response,2,Experience Sampling Questions,1,RA 3,,Marker Started at 2,You Task
ESQ,2957.088279,,Distracting_response,6.5,Experience Sampling Questions,1,RA 3,,Marker Started at 2,You Task
ESQ,2960.390901,,Focus_response,7.6,Experience Sampling Questions,1,RA 3,,Marker Started at 9,You Task
ESQ,2963.611629,,Images_response,2,Experience Sampling Questions,1,RA 3,,Marker Started at 2,You Task
ESQ,2965.712223,,Self_response,10,Experience Sampling Questions,1,RA 3,,Marker Started at 10,You Task
ESQ,2968.780301,,Intrusive_response,7.9,Experience Sampling Questions,1,RA 3,,Marker Started at 9,You Task
ESQ,2972.401759,,Other_response,1,Experience Sampling Questions,1,RA 3,,Marker Started at 6,You Task
ESQ,2978.990448,,Emotion_response,5.9,Experience Sampling Questions,1,RA 3,,Marker Started at 8,You Task
ESQ,2982.792174,,Future_response,7.1,Experience Sampling Questions,1,RA 3,,Marker Started at 10,You Task
ESQ,2986.911509,,Absorption_response,10,Experience Sampling Questions,1,RA 3,,Marker Started at 9,You Task
ESQ,2990.030847,,Deliberate_response,6,Experience Sampling Questions,1,RA 3,,Marker Started at 6,You Task
ESQ,2995.219781,,Knowledge_response,6.7,Experience Sampling Questions,1,RA 3,,Marker Started at 4,You Task
ESQ,2998.938772,,Past_response,7.2,Experience Sampling Questions,1,RA 3,,Marker Started at 2,You Task
ESQ,3002.075348,,Words_response,7.6,Experience Sampling Questions,1,RA 3,,Marker Started at 10,You Task
 ,,,,,,,,,,
Runtime Mod,-13,,,,,,,,,
EXPERIMENT DATA:,You Task,,,,,,,,,
Start Time,3002.093337,,,,,,,,,
EXPERIMENT DATA:,Experience Sampling Questions,,,,,,,,,
Start Time,3068.616529,,,,,,,,,
ESQ,3072.881188,,Images_response,1,Experience Sampling Questions,1,RA 3,,Marker Started at 4,You Task
ESQ,3077.016421,,Other_response,1,Experience Sampling Questions,1,RA 3,,Marker Started at 9,You Task
ESQ,3080.385859,,Problem_response,6.1,Experience Sampling Questions,1,RA 3,,Marker Started at 8,You Task
ESQ,3084.088639,,Detailed_response,7.3,Experience Sampling Questions,1,RA 3,,Marker Started at 10,You Task
ESQ,3087.091128,,Words_response,7.2,Experience Sampling Questions,1,RA 3,,Marker Started at 2,You Task
ESQ,3090.095014,,Focus_response,7.1,Experience Sampling Questions,1,RA 3,,Marker Started at 4,You Task
ESQ,3094.048016,,Deliberate_response,2.9,Experience Sampling Questions,1,RA 3,,Marker Started at 7,You Task
ESQ,3097.816168,,Distracting_response,3.2,Experience Sampling Questions,1,RA 3,,Marker Started at 7,You Task
ESQ,3101.068906,,Absorption_response,7.7,Experience Sampling Questions,1,RA 3,,Marker Started at 9,You Task
ESQ,3104.456305,,Emotion_response,5,Experience Sampling Questions,1,RA 3,,Marker Started at 5,You Task
ESQ,3107.256251,,Sounds_response,2,Experience Sampling Questions,1,RA 3,,Marker Started at 2,You Task
ESQ,3111.643778,,Future_response,5.9,Experience Sampling Questions,1,RA 3,,Marker Started at 2,You Task
ESQ,3114.145921,,Past_response,2,Experience Sampling Questions,1,RA 3,,Marker Started at 2,You Task
ESQ,3118.783854,,Intrusive_response,4,Experience Sampling Questions,1,RA 3,,Marker Started at 4,You Task
ESQ,3121.036193,,Self_response,10,Experience Sampling Questions,1,RA 3,,Marker Started at 8,You Task
ESQ,3125.55493,,Knowledge_response,7.2,Experience Sampling Questions,1,RA 3,,Marker Started at 4,You Task
 ,,,,,,,,,,
Runtime Mod,12,,,,,,,,,
EXPERIMENT DATA:,You Task,,,,,,,,,
Start Time,3125.570685,,,,,,,,,
EXPERIMENT DATA:,Experience Sampling Questions,,,,,,,,,
Start Time,3217.234145,,,,,,,,,
ESQ,3222.181115,,Future_response,6.3,Experience Sampling Questions,1,RA 3,,Marker Started at 7,You Task
ESQ,3224.566482,,Focus_response,8,Experience Sampling Questions,1,RA 3,,Marker Started at 8,You Task
ESQ,3227.968813,,Absorption_response,8.5,Experience Sampling Questions,1,RA 3,,Marker Started at 8,You Task
ESQ,3231.006301,,Intrusive_response,6.7,Experience Sampling Questions,1,RA 3,,Marker Started at 6,You Task
ESQ,3235.325006,,Emotion_response,5.6,Experience Sampling Questions,1,RA 3,,Marker Started at 3,You Task
ESQ,3241.63005,,Past_response,6,Experience Sampling Questions,1,RA 3,,Marker Started at 3,You Task
ESQ,3245.633244,,Other_response,1,Experience Sampling Questions,1,RA 3,,Marker Started at 5,You Task
ESQ,3252.238375,,Problem_response,4.9,Experience Sampling Questions,1,RA 3,,Marker Started at 5,You Task
ESQ,3256.009631,,Images_response,5.9,Experience Sampling Questions,1,RA 3,,Marker Started at 4,You Task
ESQ,3258.543859,,Self_response,10,Experience Sampling Questions,1,RA 3,,Marker Started at 7,You Task
ESQ,3263.347261,,Deliberate_response,4.6,Experience Sampling Questions,1,RA 3,,Marker Started at 4,You Task
ESQ,3266.601374,,Sounds_response,2,Experience Sampling Questions,1,RA 3,,Marker Started at 2,You Task
ESQ,3271.103335,,Detailed_response,6.5,Experience Sampling Questions,1,RA 3,,Marker Started at 9,You Task
ESQ,3276.390837,,Words_response,7.3,Experience Sampling Questions,1,RA 3,,Marker Started at 9,You Task
ESQ,3283.313174,,Knowledge_response,7,Experience Sampling Questions,1,RA 3,,Marker Started at 7,You Task
ESQ,3291.33816,,Distracting_response,4.9,Experience Sampling Questions,1,RA 3,,Marker Started at 9,You Task
 ,,,,,,,,,,
Runtime Mod,9,,,,,,,,,
EXPERIMENT DATA:,Movie Task,,,,,,,,,
Start Time,3331.053801,,,,,,,,,
ESQ,3377.037692,,Images_response,7.9,Movie Task,1,RA 3,,Marker Started at 2,Movie Task
ESQ,3380.155106,,Sounds_response,7.7,Movie Task,1,RA 3,,Marker Started at 2,Movie Task
ESQ,3382.74073,,Problem_response,2.9,Movie Task,1,RA 3,,Marker Started at 2,Movie Task
ESQ,3386.411749,,Detailed_response,2,Movie Task,1,RA 3,,Marker Started at 9,Movie Task
ESQ,3390.380907,,Knowledge_response,2.7,Movie Task,1,RA 3,,Marker Started at 8,Movie Task
ESQ,3394.049879,,Focus_response,8.6,Movie Task,1,RA 3,,Marker Started at 4,Movie Task
ESQ,3397.369601,,Intrusive_response,2.3,Movie Task,1,RA 3,,Marker Started at 9,Movie Task
ESQ,3401.790498,,Deliberate_response,8,Movie Task,1,RA 3,,Marker Started at 10,Movie Task
ESQ,3406.026697,,Emotion_response,5.4,Movie Task,1,RA 3,,Marker Started at 9,Movie Task
ESQ,3414.383073,,Words_response,7.7,Movie Task,1,RA 3,,Marker Started at 10,Movie Task
ESQ,3418.319589,,Other_response,3.5,Movie Task,1,RA 3,,Marker Started at 8,Movie Task
ESQ,3423.55672,,Self_response,3.4,Movie Task,1,RA 3,,Marker Started at 10,Movie Task
ESQ,3428.176729,,Past_response,3.6,Movie Task,1,RA 3,,Marker Started at 6,Movie Task
ESQ,3431.913984,,Absorption_response,7.9,Movie Task,1,RA 3,,Marker Started at 9,Movie Task
ESQ,3435.333395,,Distracting_response,4.1,Movie Task,1,RA 3,,Marker Started at 8,Movie Task
ESQ,3438.185469,,Future_response,2.7,Movie Task,1,RA 3,,Marker Started at 5,Movie Task
EXPERIMENT DATA:,Experience Sampling Questions,,,,,,,,,
Start Time,3506.485996,,,,,,,,,
ESQ,3513.528633,,Distracting_response,4.2,Experience Sampling Questions,1,RA 3,,Marker Started at 3,Movie Task
ESQ,3516.59772,,Sounds_response,8.5,Experience Sampling Questions,1,RA 3,,Marker Started at 10,Movie Task
ESQ,3520.351968,,Problem_response,1.1,Experience Sampling Questions,1,RA 3,,Marker Started at 10,Movie Task
ESQ,3523.135676,,Past_response,2.6,Experience Sampling Questions,1,RA 3,,Marker Started at 2,Movie Task
ESQ,3526.487871,,Emotion_response,7.4,Experience Sampling Questions,1,RA 3,,Marker Started at 6,Movie Task
ESQ,3529.657628,,Intrusive_response,3.8,Experience Sampling Questions,1,RA 3,,Marker Started at 7,Movie Task
ESQ,3533.461706,,Images_response,7,Experience Sampling Questions,1,RA 3,,Marker Started at 3,Movie Task
ESQ,3536.797703,,Detailed_response,3.4,Experience Sampling Questions,1,RA 3,,Marker Started at 6,Movie Task
ESQ,3539.96557,,Other_response,6.9,Experience Sampling Questions,1,RA 3,,Marker Started at 10,Movie Task
ESQ,3543.417557,,Words_response,7.5,Experience Sampling Questions,1,RA 3,,Marker Started at 2,Movie Task
ESQ,3546.504815,,Absorption_response,6.6,Experience Sampling Questions,1,RA 3,,Marker Started at 2,Movie Task
ESQ,3549.757686,,Future_response,3,Experience Sampling Questions,1,RA 3,,Marker Started at 3,Movie Task
ESQ,3552.509544,,Focus_response,8,Experience Sampling Questions,1,RA 3,,Marker Started at 8,Movie Task
ESQ,3555.260907,,Deliberate_response,4,Experience Sampling Questions,1,RA 3,,Marker Started at 4,Movie Task
ESQ,3559.34762,,Knowledge_response,1.9,Experience Sampling Questions,1,RA 3,,Marker Started at 3,Movie Task
ESQ,3561.833297,,Self_response,3,Experience Sampling Questions,1,RA 3,,Marker Started at 3,Movie Task
 ,,,,,,,,,,
Runtime Mod,8,,,,,,,,,
EXPERIMENT DATA:,Movie Task,,,,,,,,,
Start Time,3561.848652,,,,,,,,,
ESQ,3626.985106,,Absorption_response,7.9,Movie Task,1,RA 3,,Marker Started at 9,Movie Task
ESQ,3632.755738,,Words_response,3.6,Movie Task,1,RA 3,,Marker Started at 10,Movie Task
ESQ,3636.575418,,Emotion_response,5.1,Movie Task,1,RA 3,,Marker Started at 3,Movie Task
ESQ,3640.312102,,Other_response,7.4,Movie Task,1,RA 3,,Marker Started at 6,Movie Task
ESQ,3642.947612,,Focus_response,10,Movie Task,1,RA 3,,Marker Started at 8,Movie Task
ESQ,3646.035004,,Future_response,1.9,Movie Task,1,RA 3,,Marker Started at 8,Movie Task
ESQ,3649.219515,,Knowledge_response,8.2,Movie Task,1,RA 3,,Marker Started at 6,Movie Task
ESQ,3653.472583,,Past_response,2.4,Movie Task,1,RA 3,,Marker Started at 10,Movie Task
ESQ,3656.957539,,Self_response,3.1,Movie Task,1,RA 3,,Marker Started at 10,Movie Task
ESQ,3659.894234,,Intrusive_response,2.4,Movie Task,1,RA 3,,Marker Started at 9,Movie Task
ESQ,3663.430519,,Distracting_response,3,Movie Task,1,RA 3,,Marker Started at 8,Movie Task
ESQ,3666.71655,,Deliberate_response,7,Movie Task,1,RA 3,,Marker Started at 7,Movie Task
ESQ,3669.65218,,Detailed_response,3.3,Movie Task,1,RA 3,,Marker Started at 6,Movie Task
ESQ,3672.437607,,Images_response,8.1,Movie Task,1,RA 3,,Marker Started at 10,Movie Task
ESQ,3675.306979,,Problem_response,2.9,Movie Task,1,RA 3,,Marker Started at 6,Movie Task
ESQ,3678.392763,,Sounds_response,2.8,Movie Task,1,RA 3,,Marker Started at 5,Movie Task
EXPERIMENT DATA:,Experience Sampling Questions,,,,,,,,,
Start Time,3716.516287,,,,,,,,,
ESQ,3732.518099,,Knowledge_response,7.7,Experience Sampling Questions,1,RA 3,,Marker Started at 9,Movie Task
ESQ,3735.321525,,Deliberate_response,2.7,Experience Sampling Questions,1,RA 3,,Marker Started at 7,Movie Task
ESQ,3739.774225,,Past_response,3.4,Experience Sampling Questions,1,RA 3,,Marker Started at 8,Movie Task
ESQ,3742.761402,,Self_response,3,Experience Sampling Questions,1,RA 3,,Marker Started at 5,Movie Task
ESQ,3745.077495,,Sounds_response,2.9,Experience Sampling Questions,1,RA 3,,Marker Started at 2,Movie Task
ESQ,3751.700533,,Intrusive_response,5.4,Experience Sampling Questions,1,RA 3,,Marker Started at 7,Movie Task
ESQ,3756.019713,,Absorption_response,4.1,Experience Sampling Questions,1,RA 3,,Marker Started at 7,Movie Task
ESQ,3759.00586,,Other_response,3,Experience Sampling Questions,1,RA 3,,Marker Started at 3,Movie Task
ESQ,3764.010104,,Distracting_response,4.6,Experience Sampling Questions,1,RA 3,,Marker Started at 7,Movie Task
ESQ,3768.697548,,Images_response,3.8,Experience Sampling Questions,1,RA 3,,Marker Started at 7,Movie Task
ESQ,3776.019342,,Focus_response,9,Experience Sampling Questions,1,RA 3,,Marker Started at 4,Movie Task
ESQ,3789.263438,,Emotion_response,5.6,Experience Sampling Questions,1,RA 3,,Marker Started at 8,Movie Task
ESQ,3797.920333,,Detailed_response,6.3,Experience Sampling Questions,1,RA 3,,Marker Started at 9,Movie Task
ESQ,3804.425745,,Future_response,7.1,Experience Sampling Questions,1,RA 3,,Marker Started at 9,Movie Task
ESQ,3807.561262,,Words_response,5.8,Experience Sampling Questions,1,RA 3,,Marker Started at 8,Movie Task
ESQ,3814.166398,,Problem_response,7.5,Experience Sampling Questions,1,RA 3,,Marker Started at 3,Movie Task
 ,,,,,,,,,,
Runtime Mod,10,,,,,,,,,
EXPERIMENT DATA:,Movie Task,,,,,,,,,
Start Time,3814.181128,,,,,,,,,
ESQ,3840.487586,,Other_response,2.6,Movie Task,1,RA 3,,Marker Started at 3,Movie Task
ESQ,3846.04166,,Distracting_response,9.4,Movie Task,1,RA 3,,Marker Started at 10,Movie Task
ESQ,3849.911774,,Deliberate_response,1.6,Movie Task,1,RA 3,,Marker Started at 10,Movie Task
ESQ,3854.682567,,Detailed_response,2.1,Movie Task,1,RA 3,,Marker Started at 3,Movie Task
ESQ,3860.637364,,Self_response,3.9,Movie Task,1,RA 3,,Marker Started at 6,Movie Task
ESQ,3864.389405,,Past_response,3,Movie Task,1,RA 3,,Marker Started at 2,Movie Task
ESQ,3867.777484,,Words_response,2.5,Movie Task,1,RA 3,,Marker Started at 7,Movie Task
ESQ,3870.327379,,Problem_response,3,Movie Task,1,RA 3,,Marker Started at 3,Movie Task
ESQ,3874.38052,,Emotion_response,5.2,Movie Task,1,RA 3,,Marker Started at 4,Movie Task
ESQ,3877.300082,,Images_response,2.3,Movie Task,1,RA 3,,Marker Started at 4,Movie Task
ESQ,3880.35221,,Knowledge_response,3,Movie Task,1,RA 3,,Marker Started at 4,Movie Task
ESQ,3883.687471,,Intrusive_response,7.1,Movie Task,1,RA 3,,Marker Started at 5,Movie Task
ESQ,3889.07533,,Focus_response,7.1,Movie Task,1,RA 3,,Marker Started at 4,Movie Task
ESQ,3894.281609,,Absorption_response,2.9,Movie Task,1,RA 3,,Marker Started at 6,Movie Task
ESQ,3899.033642,,Sounds_response,2.7,Movie Task,1,RA 3,,Marker Started at 6,Movie Task
ESQ,3902.185363,,Future_response,2,Movie Task,1,RA 3,,Marker Started at 2,Movie Task
EXPERIMENT DATA:,Experience Sampling Questions,,,,,,,,,
Start Time,3970.948071,,,,,,,,,
ESQ,3975.827464,,Deliberate_response,3,Experience Sampling Questions,1,RA 3,,Marker Started at 3,Movie Task
ESQ,3980.981672,,Images_response,7.3,Experience Sampling Questions,1,RA 3,,Marker Started at 4,Movie Task
ESQ,3983.917438,,Sounds_response,6.3,Experience Sampling Questions,1,RA 3,,Marker Started at 8,Movie Task
ESQ,3986.486274,,Self_response,1,Experience Sampling Questions,1,RA 3,,Marker Started at 4,Movie Task
ESQ,3989.07157,,Detailed_response,2,Experience Sampling Questions,1,RA 3,,Marker Started at 7,Movie Task
ESQ,3992.574745,,Absorption_response,4.1,Experience Sampling Questions,1,RA 3,,Marker Started at 9,Movie Task
ESQ,3995.310276,,Distracting_response,7,Experience Sampling Questions,1,RA 3,,Marker Started at 7,Movie Task
ESQ,3998.046215,,Emotion_response,5,Experience Sampling Questions,1,RA 3,,Marker Started at 5,Movie Task
ESQ,4001.06456,,Intrusive_response,3,Experience Sampling Questions,1,RA 3,,Marker Started at 2,Movie Task
ESQ,4005.967401,,Past_response,3,Experience Sampling Questions,1,RA 3,,Marker Started at 3,Movie Task
ESQ,4011.005233,,Focus_response,8.1,Experience Sampling Questions,1,RA 3,,Marker Started at 5,Movie Task
ESQ,4016.476269,,Problem_response,4,Experience Sampling Questions,1,RA 3,,Marker Started at 4,Movie Task
ESQ,4020.381462,,Words_response,2.6,Experience Sampling Questions,1,RA 3,,Marker Started at 5,Movie Task
ESQ,4024.065049,,Knowledge_response,3,Experience Sampling Questions,1,RA 3,,Marker Started at 4,Movie Task
ESQ,4026.651381,,Future_response,7,Experience Sampling Questions,1,RA 3,,Marker Started at 7,Movie Task
ESQ,4029.653724,,Other_response,2.9,Experience Sampling Questions,1,RA 3,,Marker Started at 9,Movie Task
 ,,,,,,,,,,
Runtime Mod,-9,,,,,,,,,
EXPERIMENT DATA:,Movie Task,,,,,,,,,
Start Time,4029.668114,,,,,,,,,
ESQ,4084.363804,,Focus_response,4,Movie Task,1,RA 3,,Marker Started at 4,Movie Task
ESQ,4091.803006,,Distracting_response,7.7,Movie Task,1,RA 3,,Marker Started at 3,Movie Task
ESQ,4095.355864,,Sounds_response,3.8,Movie Task,1,RA 3,,Marker Started at 5,Movie Task
ESQ,4098.757899,,Self_response,7.6,Movie Task,1,RA 3,,Marker Started at 9,Movie Task
ESQ,4102.244544,,Future_response,3.8,Movie Task,1,RA 3,,Marker Started at 2,Movie Task
ESQ,4106.28145,,Intrusive_response,4.6,Movie Task,1,RA 3,,Marker Started at 3,Movie Task
ESQ,4108.650436,,Images_response,7,Movie Task,1,RA 3,,Marker Started at 7,Movie Task
ESQ,4112.102352,,Words_response,7.3,Movie Task,1,RA 3,,Marker Started at 9,Movie Task
ESQ,4116.005038,,Deliberate_response,3.6,Movie Task,1,RA 3,,Marker Started at 6,Movie Task
ESQ,4120.40834,,Problem_response,5.2,Movie Task,1,RA 3,,Marker Started at 9,Movie Task
ESQ,4124.962406,,Other_response,7.4,Movie Task,1,RA 3,,Marker Started at 4,Movie Task
ESQ,4129.96729,,Knowledge_response,5.7,Movie Task,1,RA 3,,Marker Started at 2,Movie Task
ESQ,4137.35551,,Past_response,6.2,Movie Task,1,RA 3,,Marker Started at 9,Movie Task
ESQ,4142.44251,,Absorption_response,4.6,Movie Task,1,RA 3,,Marker Started at 3,Movie Task
ESQ,4146.311706,,Detailed_response,3.8,Movie Task,1,RA 3,,Marker Started at 7,Movie Task
ESQ,4149.998558,,Emotion_response,5,Movie Task,1,RA 3,,Marker Started at 5,Movie Task
EXPERIMENT DATA:,Experience Sampling Questions,,,,,,,,,
Start Time,4171.027696,,,,,,,,,
ESQ,4178.487266,,Emotion_response,5.2,Experience Sampling Questions,1,RA 3,,Marker Started at 9,Movie Task
ESQ,4182.625595,,Detailed_response,2.9,Experience Sampling Questions,1,RA 3,,Marker Started at 5,Movie Task
ESQ,4187.861852,,Knowledge_response,3.2,Experience Sampling Questions,1,RA 3,,Marker Started at 7,Movie Task
ESQ,4191.264467,,Past_response,4,Experience Sampling Questions,1,RA 3,,Marker Started at 7,Movie Task
ESQ,4196.202182,,Absorption_response,6.9,Experience Sampling Questions,1,RA 3,,Marker Started at 6,Movie Task
ESQ,4200.723331,,Other_response,3.4,Experience Sampling Questions,1,RA 3,,Marker Started at 10,Movie Task
ESQ,4204.042417,,Deliberate_response,3,Experience Sampling Questions,1,RA 3,,Marker Started at 3,Movie Task
ESQ,4208.295273,,Words_response,6.9,Experience Sampling Questions,1,RA 3,,Marker Started at 5,Movie Task
ESQ,4211.900102,,Images_response,7.6,Experience Sampling Questions,1,RA 3,,Marker Started at 4,Movie Task
ESQ,4214.700376,,Self_response,7.1,Experience Sampling Questions,1,RA 3,,Marker Started at 9,Movie Task
ESQ,4217.702661,,Problem_response,8,Experience Sampling Questions,1,RA 3,,Marker Started at 3,Movie Task
ESQ,4220.637364,,Future_response,8.3,Experience Sampling Questions,1,RA 3,,Marker Started at 3,Movie Task
ESQ,4223.792386,,Distracting_response,8.8,Experience Sampling Questions,1,RA 3,,Marker Started at 5,Movie Task
ESQ,4227.177277,,Intrusive_response,4,Experience Sampling Questions,1,RA 3,,Marker Started at 10,Movie Task
ESQ,4231.11332,,Sounds_response,2.7,Experience Sampling Questions,1,RA 3,,Marker Started at 5,Movie Task
ESQ,4234.650104,,Focus_response,8.2,Experience Sampling Questions,1,RA 3,,Marker Started at 4,Movie Task
 ,,,,,,,,,,
Runtime Mod,-13,,,,,,,,,
EXPERIMENT DATA:,Memory Task,,,,,,,,,
Start Time,4256.860599,,,,,,,,,
EXPERIMENT DATA:,Experience Sampling Questions,,,,,,,,,
Start Time,4329.443487,,,,,,,,,
ESQ,4336.880159,,Focus_response,7.1,Experience Sampling Questions,1,RA 3,,Marker Started at 6,Memory Task
ESQ,4342.63507,,Knowledge_response,8.3,Experience Sampling Questions,1,RA 3,,Marker Started at 10,Memory Task
ESQ,4347.072141,,Emotion_response,8,Experience Sampling Questions,1,RA 3,,Marker Started at 4,Memory Task
ESQ,4350.141143,,Sounds_response,2.7,Experience Sampling Questions,1,RA 3,,Marker Started at 4,Memory Task
ESQ,4353.293473,,Absorption_response,3.3,Experience Sampling Questions,1,RA 3,,Marker Started at 6,Memory Task
ESQ,4356.596648,,Distracting_response,6.5,Experience Sampling Questions,1,RA 3,,Marker Started at 8,Memory Task
ESQ,4361.216165,,Other_response,7.6,Experience Sampling Questions,1,RA 3,,Marker Started at 6,Memory Task
ESQ,4364.484764,,Self_response,8.8,Experience Sampling Questions,1,RA 3,,Marker Started at 7,Memory Task
ESQ,4368.823133,,Past_response,10,Experience Sampling Questions,1,RA 3,,Marker Started at 5,Memory Task
ESQ,4372.592325,,Problem_response,4.6,Experience Sampling Questions,1,RA 3,,Marker Started at 8,Memory Task
ESQ,4378.380103,,Future_response,3.3,Experience Sampling Questions,1,RA 3,,Marker Started at 6,Memory Task
ESQ,4381.765264,,Detailed_response,3.4,Experience Sampling Questions,1,RA 3,,Marker Started at 4,Memory Task
ESQ,4385.484871,,Images_response,9.1,Experience Sampling Questions,1,RA 3,,Marker Started at 2,Memory Task
ESQ,4388.654243,,Words_response,2,Experience Sampling Questions,1,RA 3,,Marker Started at 2,Memory Task
ESQ,4393.192101,,Intrusive_response,3.2,Experience Sampling Questions,1,RA 3,,Marker Started at 9,Memory Task
ESQ,4397.578132,,Deliberate_response,7.4,Experience Sampling Questions,1,RA 3,,Marker Started at 9,Memory Task
 ,,,,,,,,,,
Runtime Mod,-15,,,,,,,,,
EXPERIMENT DATA:,Memory Task,,,,,,,,,
Start Time,4397.592721,,,,,,,,,
EXPERIMENT DATA:,Experience Sampling Questions,,,,,,,,,
Start Time,4440.183518,,,,,,,,,
ESQ,4446.900577,,Distracting_response,3.4,Experience Sampling Questions,1,RA 3,,Marker Started at 2,Memory Task
ESQ,4449.402653,,Words_response,9,Experience Sampling Questions,1,RA 3,,Marker Started at 9,Memory Task
ESQ,4452.121559,,Detailed_response,3.2,Experience Sampling Questions,1,RA 3,,Marker Started at 5,Memory Task
ESQ,4455.391692,,Problem_response,4.6,Experience Sampling Questions,1,RA 3,,Marker Started at 10,Memory Task
ESQ,4458.577059,,Emotion_response,5.5,Experience Sampling Questions,1,RA 3,,Marker Started at 2,Memory Task
ESQ,4463.447119,,Future_response,1,Experience Sampling Questions,1,RA 3,,Marker Started at 7,Memory Task
ESQ,4467.402083,,Other_response,1,Experience Sampling Questions,1,RA 3,,Marker Started at 8,Memory Task
ESQ,4470.853053,,Intrusive_response,3.4,Experience Sampling Questions,1,RA 3,,Marker Started at 6,Memory Task
ESQ,4474.422522,,Images_response,8.8,Experience Sampling Questions,1,RA 3,,Marker Started at 9,Memory Task
ESQ,4478.60902,,Sounds_response,8.6,Experience Sampling Questions,1,RA 3,,Marker Started at 9,Memory Task
ESQ,4482.428902,,Past_response,9.9,Experience Sampling Questions,1,RA 3,,Marker Started at 4,Memory Task
ESQ,4485.781519,,Deliberate_response,8.4,Experience Sampling Questions,1,RA 3,,Marker Started at 6,Memory Task
ESQ,4491.919935,,Absorption_response,5.1,Experience Sampling Questions,1,RA 3,,Marker Started at 4,Memory Task
ESQ,4495.772708,,Self_response,8.2,Experience Sampling Questions,1,RA 3,,Marker Started at 4,Memory Task
ESQ,4502.895008,,Knowledge_response,7.5,Experience Sampling Questions,1,RA 3,,Marker Started at 9,Memory Task
ESQ,4509.851053,,Focus_response,3.6,Experience Sampling Questions,1,RA 3,,Marker Started at 6,Memory Task
 ,,,,,,,,,,
Runtime Mod,8,,,,,,,,,
EXPERIMENT DATA:,Memory Task,,,,,,,,,
Start Time,4509.865936,,,,,,,,,
EXPERIMENT DATA:,Experience Sampling Questions,,,,,,,,,
Start Time,4550.203493,,,,,,,,,
ESQ,4555.887113,,Intrusive_response,8.4,Experience Sampling Questions,1,RA 3,,Marker Started at 6,Memory Task
ESQ,4558.605644,,Distracting_response,8.3,Experience Sampling Questions,1,RA 3,,Marker Started at 7,Memory Task
ESQ,4564.827105,,Focus_response,4,Experience Sampling Questions,1,RA 3,,Marker Started at 3,Memory Task
ESQ,4567.24699,,Sounds_response,3,Experience Sampling Questions,1,RA 3,,Marker Started at 3,Memory Task
ESQ,4570.814733,,Absorption_response,6.2,Experience Sampling Questions,1,RA 3,,Marker Started at 2,Memory Task
ESQ,4573.884034,,Problem_response,2,Experience Sampling Questions,1,RA 3,,Marker Started at 2,Memory Task
ESQ,4576.019915,,Past_response,9,Experience Sampling Questions,1,RA 3,,Marker Started at 9,Memory Task
ESQ,4580.205955,,Deliberate_response,3.6,Experience Sampling Questions,1,RA 3,,Marker Started at 9,Memory Task
ESQ,4583.826533,,Other_response,10,Experience Sampling Questions,1,RA 3,,Marker Started at 4,Memory Task
ESQ,4587.061751,,Future_response,1.9,Experience Sampling Questions,1,RA 3,,Marker Started at 3,Memory Task
ESQ,4590.465959,,Images_response,10,Experience Sampling Questions,1,RA 3,,Marker Started at 8,Memory Task
ESQ,4593.817304,,Emotion_response,2,Experience Sampling Questions,1,RA 3,,Marker Started at 2,Memory Task
ESQ,4598.955379,,Words_response,2.6,Experience Sampling Questions,1,RA 3,,Marker Started at 8,Memory Task
ESQ,4603.140936,,Detailed_response,3.3,Experience Sampling Questions,1,RA 3,,Marker Started at 8,Memory Task
ESQ,4608.444883,,Knowledge_response,9.6,Experience Sampling Questions,1,RA 3,,Marker Started at 3,Memory Task
ESQ,4614.033085,,Self_response,9.3,Experience Sampling Questions,1,RA 3,,Marker Started at 2,Memory Task
 ,,,,,,,,,,
Runtime Mod,-7,,,,,,,,,
EXPERIMENT DATA:,Reading Task,,,,,,,,,
Start Time,4614.052992,,,,,,,,,
EXPERIMENT DATA:,Experience Sampling Questions,,,,,,,,,
Start Time,4690.631299,,,,,,,,,
ESQ,4696.414942,,Deliberate_response,2.8,Experience Sampling Questions,1,RA 3,,Marker Started at 9,Reading Task
ESQ,4700.566985,,Emotion_response,4.4,Experience Sampling Questions,1,RA 3,,Marker Started at 8,Reading Task
ESQ,4703.721248,,Detailed_response,2.5,Experience Sampling Questions,1,RA 3,,Marker Started at 2,Reading Task
ESQ,4706.956986,,Sounds_response,2.3,Experience Sampling Questions,1,RA 3,,Marker Started at 8,Reading Task
ESQ,4710.211494,,Words_response,2.4,Experience Sampling Questions,1,RA 3,,Marker Started at 4,Reading Task
ESQ,4714.963018,,Focus_response,4,Experience Sampling Questions,1,RA 3,,Marker Started at 3,Reading Task
ESQ,4719.333242,,Past_response,9.4,Experience Sampling Questions,1,RA 3,,Marker Started at 7,Reading Task
ESQ,4723.986925,,Images_response,8.7,Experience Sampling Questions,1,RA 3,,Marker Started at 4,Reading Task
ESQ,4727.406967,,Absorption_response,5.7,Experience Sampling Questions,1,RA 3,,Marker Started at 9,Reading Task
ESQ,4730.925094,,Intrusive_response,7.7,Experience Sampling Questions,1,RA 3,,Marker Started at 8,Reading Task
ESQ,4734.09479,,Distracting_response,8,Experience Sampling Questions,1,RA 3,,Marker Started at 8,Reading Task
ESQ,4738.364891,,Knowledge_response,7.9,Experience Sampling Questions,1,RA 3,,Marker Started at 3,Reading Task
ESQ,4741.10092,,Other_response,9,Experience Sampling Questions,1,RA 3,,Marker Started at 9,Reading Task
ESQ,4742.735033,,Self_response,8,Experience Sampling Questions,1,RA 3,,Marker Started at 8,Reading Task
ESQ,4746.78693,,Problem_response,3.6,Experience Sampling Questions,1,RA 3,,Marker Started at 8,Reading Task
ESQ,4751.891616,,Future_response,3,Experience Sampling Questions,1,RA 3,,Marker Started at 4,Reading Task
 ,,,,,,,,,,
Runtime Mod,-15,,,,,,,,,
EXPERIMENT DATA:,Reading Task,,,,,,,,,
Start Time,4751.903447,,,,,,,,,
EXPERIMENT DATA:,Experience Sampling Questions,,,,,,,,,
Start Time,4831.075839,,,,,,,,,
ESQ,4860.194637,,Focus_response,3.2,Experience Sampling Questions,1,RA 3,,Marker Started at 10,Reading Task
ESQ,4866.683075,,Deliberate_response,6.8,Experience Sampling Questions,1,RA 3,,Marker Started at 4,Reading Task
ESQ,4869.902138,,Sounds_response,2,Experience Sampling Questions,1,RA 3,,Marker Started at 2,Reading Task
ESQ,4872.75469,,Images_response,2.4,Experience Sampling Questions,1,RA 3,,Marker Started at 4,Reading Task
ESQ,4876.740855,,Past_response,6.8,Experience Sampling Questions,1,RA 3,,Marker Started at 3,Reading Task
ESQ,4879.743535,,Absorption_response,5.7,Experience Sampling Questions,1,RA 3,,Marker Started at 7,Reading Task
ESQ,4884.263789,,Emotion_response,4.9,Experience Sampling Questions,1,RA 3,,Marker Started at 3,Reading Task
ESQ,4889.250899,,Knowledge_response,6.6,Experience Sampling Questions,1,RA 3,,Marker Started at 8,Reading Task
ESQ,4892.553584,,Intrusive_response,6.1,Experience Sampling Questions,1,RA 3,,Marker Started at 9,Reading Task
ESQ,4895.872312,,Self_response,8.2,Experience Sampling Questions,1,RA 3,,Marker Started at 4,Reading Task
ESQ,4898.8076,,Other_response,7.2,Experience Sampling Questions,1,RA 3,,Marker Started at 10,Reading Task
ESQ,4902.211138,,Future_response,7.1,Experience Sampling Questions,1,RA 3,,Marker Started at 6,Reading Task
ESQ,4906.114459,,Words_response,2,Experience Sampling Questions,1,RA 3,,Marker Started at 2,Reading Task
ESQ,4912.486872,,Problem_response,3,Experience Sampling Questions,1,RA 3,,Marker Started at 3,Reading Task
ESQ,4915.75471,,Distracting_response,7.1,Experience Sampling Questions,1,RA 3,,Marker Started at 8,Reading Task
ESQ,4919.643464,,Detailed_response,6.4,Experience Sampling Questions,1,RA 3,,Marker Started at 8,Reading Task
 ,,,,,,,,,,
Runtime Mod,14,,,,,,,,,
EXPERIMENT DATA:,Reading Task,,,,,,,,,
Start Time,4919.658987,,,,,,,,,
EXPERIMENT DATA:,Experience Sampling Questions,,,,,,,,,
Start Time,5023.862075,,,,,,,,,
ESQ,5052.780779,,Knowledge_response,6.2,Experience Sampling Questions,1,RA 3,,Marker Started at 10,Reading Task
ESQ,5055.599708,,Detailed_response,2,Experience Sampling Questions,1,RA 3,,Marker Started at 2,Reading Task
ESQ,5057.766874,,Absorption_response,2.9,Experience Sampling Questions,1,RA 3,,Marker Started at 5,Reading Task
ESQ,5061.620735,,Images_response,4.3,Experience Sampling Questions,1,RA 3,,Marker Started at 2,Reading Task
ESQ,5064.873171,,Other_response,2.6,Experience Sampling Questions,1,RA 3,,Marker Started at 7,Reading Task
ESQ,5067.391749,,Intrusive_response,2.8,Experience Sampling Questions,1,RA 3,,Marker Started at 4,Reading Task
ESQ,5070.212282,,Past_response,3.5,Experience Sampling Questions,1,RA 3,,Marker Started at 9,Reading Task
ESQ,5072.912792,,Future_response,5.6,Experience Sampling Questions,1,RA 3,,Marker Started at 9,Reading Task
ESQ,5075.247864,,Self_response,7.7,Experience Sampling Questions,1,RA 3,,Marker Started at 6,Reading Task
ESQ,5077.734622,,Sounds_response,2.8,Experience Sampling Questions,1,RA 3,,Marker Started at 5,Reading Task
ESQ,5079.734616,,Problem_response,3,Experience Sampling Questions,1,RA 3,,Marker Started at 3,Reading Task
ESQ,5083.020756,,Deliberate_response,2.9,Experience Sampling Questions,1,RA 3,,Marker Started at 8,Reading Task
ESQ,5086.123489,,Distracting_response,6.9,Experience Sampling Questions,1,RA 3,,Marker Started at 4,Reading Task
ESQ,5090.376785,,Emotion_response,7.6,Experience Sampling Questions,1,RA 3,,Marker Started at 10,Reading Task
ESQ,5094.64679,,Words_response,3,Experience Sampling Questions,1,RA 3,,Marker Started at 5,Reading Task
ESQ,5097.699693,,Focus_response,8,Experience Sampling Questions,1,RA 3,,Marker Started at 8,Reading Task
 ,,,,,,,,,,
Runtime Mod,-5,,,,,,,,,
EXPERIMENT DATA:,Hard Math Task,,,,,,,,,
Start Time,5191.900274,,,,,,,,,
EXPERIMENT DATA:,Experience Sampling Questions,,,,,,,,,
Start Time,5278.063082,,,,,,,,,
ESQ,5283.129472,,Distracting_response,3,Experience Sampling Questions,1,RA 3,,Marker Started at 7,Hard Math Task
ESQ,5287.049568,,Problem_response,7,Experience Sampling Questions,1,RA 3,,Marker Started at 7,Hard Math Task
ESQ,5290.118494,,Intrusive_response,3,Experience Sampling Questions,1,RA 3,,Marker Started at 7,Hard Math Task
ESQ,5293.204734,,Deliberate_response,8.4,Experience Sampling Questions,1,RA 3,,Marker Started at 2,Hard Math Task
ESQ,5295.872758,,Past_response,1.9,Experience Sampling Questions,1,RA 3,,Marker Started at 3,Hard Math Task
ESQ,5299.992223,,Emotion_response,4.3,Experience Sampling Questions,1,RA 3,,Marker Started at 2,Hard Math Task
ESQ,5305.146724,,Knowledge_response,6.7,Experience Sampling Questions,1,RA 3,,Marker Started at 4,Hard Math Task
ESQ,5308.249487,,Images_response,3,Experience Sampling Questions,1,RA 3,,Marker Started at 3,Hard Math Task
ESQ,5311.952566,,Detailed_response,7.9,Experience Sampling Questions,1,RA 3,,Marker Started at 3,Hard Math Task
ESQ,5314.486634,,Sounds_response,3.2,Experience Sampling Questions,1,RA 3,,Marker Started at 4,Hard Math Task
ESQ,5317.556483,,Future_response,1.8,Experience Sampling Questions,1,RA 3,,Marker Started at 6,Hard Math Task
ESQ,5320.108487,,Self_response,2.3,Experience Sampling Questions,1,RA 3,,Marker Started at 4,Hard Math Task
ESQ,5322.560609,,Other_response,2.8,Experience Sampling Questions,1,RA 3,,Marker Started at 5,Hard Math Task
ESQ,5326.630579,,Absorption_response,7.7,Experience Sampling Questions,1,RA 3,,Marker Started at 4,Hard Math Task
ESQ,5330.733016,,Focus_response,3,Experience Sampling Questions,1,RA 3,,Marker Started at 10,Hard Math Task
ESQ,5335.120264,,Words_response,7.4,Experience Sampling Questions,1,RA 3,,Marker Started at 4,Hard Math Task
 ,,,,,,,,,,
Runtime Mod,15,,,,,,,,,
EXPERIMENT DATA:,Hard Math Task,,,,,,,,,
Start Time,5335.13042,,,,,,,,,
EXPERIMENT DATA:,Experience Sampling Questions,,,,,,,,,
Start Time,5427.346051,,,,,,,,,
ESQ,5435.033436,,Knowledge_response,6.5,Experience Sampling Questions,1,RA 3,,Marker Started at 4,Hard Math Task
ESQ,5438.085312,,Problem_response,7.6,Experience Sampling Questions,1,RA 3,,Marker Started at 6,Hard Math Task
ESQ,5441.254509,,Sounds_response,2.5,Experience Sampling Questions,1,RA 3,,Marker Started at 9,Hard Math Task
ESQ,5445.492587,,Past_response,7.4,Experience Sampling Questions,1,RA 3,,Marker Started at 9,Hard Math Task
ESQ,5448.710252,,Absorption_response,5,Experience Sampling Questions,1,RA 3,,Marker Started at 3,Hard Math Task
ESQ,5452.698446,,Words_response,7.7,Experience Sampling Questions,1,RA 3,,Marker Started at 10,Hard Math Task
ESQ,5455.999626,,Other_response,1,Experience Sampling Questions,1,RA 3,,Marker Started at 7,Hard Math Task
ESQ,5459.220439,,Self_response,4.1,Experience Sampling Questions,1,RA 3,,Marker Started at 9,Hard Math Task
ESQ,5462.170934,,Future_response,1.2,Experience Sampling Questions,1,RA 3,,Marker Started at 4,Hard Math Task
ESQ,5465.123832,,Images_response,3.6,Experience Sampling Questions,1,RA 3,,Marker Started at 7,Hard Math Task
ESQ,5468.876588,,Detailed_response,7.3,Experience Sampling Questions,1,RA 3,,Marker Started at 2,Hard Math Task
ESQ,5472.879424,,Deliberate_response,9.1,Experience Sampling Questions,1,RA 3,,Marker Started at 10,Hard Math Task
ESQ,5477.216522,,Intrusive_response,1.8,Experience Sampling Questions,1,RA 3,,Marker Started at 4,Hard Math Task
ESQ,5480.785455,,Emotion_response,3.7,Experience Sampling Questions,1,RA 3,,Marker Started at 7,Hard Math Task
ESQ,5484.254575,,Distracting_response,2.1,Experience Sampling Questions,1,RA 3,,Marker Started at 4,Hard Math Task
ESQ,5487.875059,,Focus_response,3.1,Experience Sampling Questions,1,RA 3,,Marker Started at 8,Hard Math Task
 ,,,,,,,,,,
Runtime Mod,11,,,,,,,,,
EXPERIMENT DATA:,Hard Math Task,,,,,,,,,
Start Time,5487.885209,,,,,,,,,
EXPERIMENT DATA:,Experience Sampling Questions,,,,,,,,,
Start Time,5576.547432,,,,,,,,,
ESQ,5587.820297,,Deliberate_response,3.1,Experience Sampling Questions,1,RA 3,,Marker Started at 10,Hard Math Task
ESQ,5592.323402,,Past_response,2.5,Experience Sampling Questions,1,RA 3,,Marker Started at 8,Hard Math Task
ESQ,5595.393316,,Problem_response,5.4,Experience Sampling Questions,1,RA 3,,Marker Started at 7,Hard Math Task
ESQ,5599.096531,,Intrusive_response,8.8,Experience Sampling Questions,1,RA 3,,Marker Started at 5,Hard Math Task
ESQ,5601.43112,,Words_response,2.2,Experience Sampling Questions,1,RA 3,,Marker Started at 3,Hard Math Task
ESQ,5604.90046,,Distracting_response,9.3,Experience Sampling Questions,1,RA 3,,Marker Started at 5,Hard Math Task
ESQ,5609.386831,,Future_response,8.6,Experience Sampling Questions,1,RA 3,,Marker Started at 10,Hard Math Task
ESQ,5613.239464,,Emotion_response,3.3,Experience Sampling Questions,1,RA 3,,Marker Started at 6,Hard Math Task
ESQ,5617.810468,,Images_response,3.9,Experience Sampling Questions,1,RA 3,,Marker Started at 6,Hard Math Task
ESQ,5623.049386,,Sounds_response,2.9,Experience Sampling Questions,1,RA 3,,Marker Started at 5,Hard Math Task
ESQ,5629.503417,,Self_response,3.4,Experience Sampling Questions,1,RA 3,,Marker Started at 7,Hard Math Task
ESQ,5637.009487,,Absorption_response,7.7,Experience Sampling Questions,1,RA 3,,Marker Started at 7,Hard Math Task
ESQ,5640.011389,,Detailed_response,5.4,Experience Sampling Questions,1,RA 3,,Marker Started at 10,Hard Math Task
ESQ,5644.030634,,Other_response,7.7,Experience Sampling Questions,1,RA 3,,Marker Started at 9,Hard Math Task
ESQ,5647.400546,,Knowledge_response,3.3,Experience Sampling Questions,1,RA 3,,Marker Started at 4,Hard Math Task
ESQ,5652.188401,,Focus_response,5.3,Experience Sampling Questions,1,RA 3,,Marker Started at 2,Hard Math Task
 ,,,,,,,,,,
Runtime Mod,12,,,,,,,,,
EXPERIMENT DATA:,Easy Math Task,,,,,,,,,
Start Time,5652.207944,,,,,,,,,
EXPERIMENT DATA:,Experience Sampling Questions,,,,,,,,,
Start Time,5744.73019,,,,,,,,,
ESQ,5750.682529,,Sounds_response,2.7,Experience Sampling Questions,1,RA 3,,Marker Started at 9,Easy Math Task
ESQ,5754.752178,,Emotion_response,5.1,Experience Sampling Questions,1,RA 3,,Marker Started at 8,Easy Math Task
ESQ,5759.673485,,Distracting_response,3.8,Experience Sampling Questions,1,RA 3,,Marker Started at 7,Easy Math Task
ESQ,5763.010756,,Intrusive_response,3.3,Experience Sampling Questions,1,RA 3,,Marker Started at 9,Easy Math Task
ESQ,5765.87833,,Deliberate_response,6.9,Experience Sampling Questions,1,RA 3,,Marker Started at 6,Easy Math Task
ESQ,5769.446415,,Words_response,7.9,Experience Sampling Questions,1,RA 3,,Marker Started at 9,Easy Math Task
ESQ,5773.416433,,Other_response,3.9,Experience Sampling Questions,1,RA 3,,Marker Started at 9,Easy Math Task
ESQ,5781.340339,,Self_response,7.1,Experience Sampling Questions,1,RA 3,,Marker Started at 6,Easy Math Task
ESQ,5788.14536,,Knowledge_response,8,Experience Sampling Questions,1,RA 3,,Marker Started at 4,Easy Math Task
ESQ,5790.830964,,Focus_response,4,Experience Sampling Questions,1,RA 3,,Marker Started at 4,Easy Math Task
ESQ,5797.185442,,Images_response,3.5,Experience Sampling Questions,1,RA 3,,Marker Started at 6,Easy Math Task
ESQ,5800.256376,,Future_response,3.7,Experience Sampling Questions,1,RA 3,,Marker Started at 7,Easy Math Task
ESQ,5803.508238,,Detailed_response,3.6,Experience Sampling Questions,1,RA 3,,Marker Started at 9,Easy Math Task
ESQ,5805.726416,,Past_response,4,Experience Sampling Questions,1,RA 3,,Marker Started at 4,Easy Math Task
ESQ,5811.747344,,Problem_response,6.7,Experience Sampling Questions,1,RA 3,,Marker Started at 7,Easy Math Task
ESQ,5814.265424,,Absorption_response,2.8,Experience Sampling Questions,1,RA 3,,Marker Started at 4,Easy Math Task
 ,,,,,,,,,,
Runtime Mod,11,,,,,,,,,
EXPERIMENT DATA:,Easy Math Task,,,,,,,,,
Start Time,5814.281096,,,,,,,,,
EXPERIMENT DATA:,Experience Sampling Questions,,,,,,,,,
Start Time,5903.603691,,,,,,,,,
ESQ,5907.823695,,Deliberate_response,4,Experience Sampling Questions,1,RA 3,,Marker Started at 4,Easy Math Task
ESQ,5913.211116,,Images_response,2.7,Experience Sampling Questions,1,RA 3,,Marker Started at 6,Easy Math Task
ESQ,5916.94741,,Sounds_response,2.9,Experience Sampling Questions,1,RA 3,,Marker Started at 10,Easy Math Task
ESQ,5920.299352,,Self_response,3.3,Experience Sampling Questions,1,RA 3,,Marker Started at 2,Easy Math Task
ESQ,5925.104001,,Intrusive_response,4.7,Experience Sampling Questions,1,RA 3,,Marker Started at 9,Easy Math Task
ESQ,5928.590378,,Emotion_response,5.3,Experience Sampling Questions,1,RA 3,,Marker Started at 8,Easy Math Task
ESQ,5939.832805,,Other_response,3.5,Experience Sampling Questions,1,RA 3,,Marker Started at 7,Easy Math Task
ESQ,5955.628159,,Knowledge_response,7.8,Experience Sampling Questions,1,RA 3,,Marker Started at 2,Easy Math Task
ESQ,5960.765334,,Future_response,3.5,Experience Sampling Questions,1,RA 3,,Marker Started at 6,Easy Math Task
ESQ,5965.686602,,Past_response,3.7,Experience Sampling Questions,1,RA 3,,Marker Started at 5,Easy Math Task
ESQ,5969.104665,,Words_response,2.8,Experience Sampling Questions,1,RA 3,,Marker Started at 8,Easy Math Task
ESQ,5971.306324,,Detailed_response,3,Experience Sampling Questions,1,RA 3,,Marker Started at 3,Easy Math Task
ESQ,5975.576366,,Focus_response,3.3,Experience Sampling Questions,1,RA 3,,Marker Started at 7,Easy Math Task
ESQ,5978.580367,,Absorption_response,4.5,Experience Sampling Questions,1,RA 3,,Marker Started at 10,Easy Math Task
ESQ,5982.782962,,Problem_response,4.6,Experience Sampling Questions,1,RA 3,,Marker Started at 7,Easy Math Task
ESQ,5986.902856,,Distracting_response,3.7,Experience Sampling Questions,1,RA 3,,Marker Started at 9,Easy Math Task
 ,,,,,,,,,,
Runtime Mod,7,,,,,,,,,
EXPERIMENT DATA:,Easy Math Task,,,,,,,,,
Start Time,5986.91753,,,,,,,,,
EXPERIMENT DATA:,Experience Sampling Questions,,,,,,,,,
Start Time,6073.87425,,,,,,,,,
ESQ,6079.191583,,Emotion_response,5.3,Experience Sampling Questions,1,RA 3,,Marker Started at 2,Easy Math Task
ESQ,6087.966286,,Past_response,3.3,Experience Sampling Questions,1,RA 3,,Marker Started at 5,Easy Math Task
ESQ,6094.871633,,Distracting_response,3,Experience Sampling Questions,1,RA 3,,Marker Started at 5,Easy Math Task
ESQ,6106.698133,,Words_response,2.2,Experience Sampling Questions,1,RA 3,,Marker Started at 2,Easy Math Task
ESQ,6109.26625,,Images_response,2.7,Experience Sampling Questions,1,RA 3,,Marker Started at 6,Easy Math Task
ESQ,6112.83625,,Deliberate_response,2.8,Experience Sampling Questions,1,RA 3,,Marker Started at 9,Easy Math Task
ESQ,6115.637183,,Future_response,3,Experience Sampling Questions,1,RA 3,,Marker Started at 3,Easy Math Task
ESQ,6118.123748,,Sounds_response,2.5,Experience Sampling Questions,1,RA 3,,Marker Started at 4,Easy Math Task
ESQ,6121.626215,,Intrusive_response,7.6,Experience Sampling Questions,1,RA 3,,Marker Started at 5,Easy Math Task
ESQ,6124.795181,,Knowledge_response,6.9,Experience Sampling Questions,1,RA 3,,Marker Started at 6,Easy Math Task
ESQ,6127.830288,,Self_response,7.3,Experience Sampling Questions,1,RA 3,,Marker Started at 3,Easy Math Task
ESQ,6131.566805,,Focus_response,8,Experience Sampling Questions,1,RA 3,,Marker Started at 2,Easy Math Task
ESQ,6134.436589,,Absorption_response,4,Experience Sampling Questions,1,RA 3,,Marker Started at 4,Easy Math Task
ESQ,6139.223323,,Problem_response,6.2,Experience Sampling Questions,1,RA 3,,Marker Started at 10,Easy Math Task
ESQ,6143.476128,,Detailed_response,7,Experience Sampling Questions,1,RA 3,,Marker Started at 7,Easy Math Task
ESQ,6146.879421,,Other_response,2.4,Experience Sampling Questions,1,RA 3,,Marker Started at 4,Easy Math Task
 ,,,,,,,,,,
Runtime Mod,13,,,,,,,,,
EXPERIMENT DATA:,Two-Back Task,,,,,,,,,
Start Time,6166.350861,,,,,,,,,
EXPERIMENT DATA:,Experience Sampling Questions,,,,,,,,,
Start Time,6298.419235,,,,,,,,,
ESQ,6303.670078,,Deliberate_response,7.1,Experience Sampling Questions,1,RA 3,,Marker Started at 10,Two-Back Task
ESQ,6307.740086,,Problem_response,7,Experience Sampling Questions,1,RA 3,,Marker Started at 4,Two-Back Task
ESQ,6310.776159,,Focus_response,3.8,Experience Sampling Questions,1,RA 3,,Marker Started at 6,Two-Back Task
ESQ,6313.86318,,Intrusive_response,2.8,Experience Sampling Questions,1,RA 3,,Marker Started at 5,Two-Back Task
ESQ,6317.731403,,Sounds_response,2.8,Experience Sampling Questions,1,RA 3,,Marker Started at 9,Two-Back Task
ESQ,6320.150248,,Words_response,3.5,Experience Sampling Questions,1,RA 3,,Marker Started at 5,Two-Back Task
ESQ,6322.067999,,Future_response,3.8,Experience Sampling Questions,1,RA 3,,Marker Started at 5,Two-Back Task
ESQ,6328.423065,,Distracting_response,3.1,Experience Sampling Questions,1,RA 3,,Marker Started at 4,Two-Back Task
ESQ,6331.741889,,Detailed_response,3.2,Experience Sampling Questions,1,RA 3,,Marker Started at 5,Two-Back Task
ESQ,6336.646139,,Self_response,3.5,Experience Sampling Questions,1,RA 3,,Marker Started at 5,Two-Back Task
ESQ,6339.932194,,Absorption_response,5,Experience Sampling Questions,1,RA 3,,Marker Started at 9,Two-Back Task
ESQ,6344.152296,,Knowledge_response,4.2,Experience Sampling Questions,1,RA 3,,Marker Started at 9,Two-Back Task
ESQ,6347.037604,,Past_response,4.5,Experience Sampling Questions,1,RA 3,,Marker Started at 10,Two-Back Task
ESQ,6349.773135,,Images_response,9,Experience Sampling Questions,1,RA 3,,Marker Started at 10,Two-Back Task
ESQ,6353.643443,,Emotion_response,2.5,Experience Sampling Questions,1,RA 3,,Marker Started at 9,Two-Back Task
ESQ,6357.963157,,Other_response,5.5,Experience Sampling Questions,1,RA 3,,Marker Started at 8,Two-Back Task
 ,,,,,,,,,,
Runtime Mod,8,,,,,,,,,
EXPERIMENT DATA:,Two-Back Task,,,,,,,,,
Start Time,6357.980677,,,,,,,,,
EXPERIMENT DATA:,Experience Sampling Questions,,,,,,,,,
Start Time,6448.33764,,,,,,,,,
ESQ,6454.091083,,Focus_response,3.1,Experience Sampling Questions,1,RA 3,,Marker Started at 5,Two-Back Task
ESQ,6456.907951,,Sounds_response,3,Experience Sampling Questions,1,RA 3,,Marker Started at 5,Two-Back Task
ESQ,6459.442804,,Detailed_response,3.2,Experience Sampling Questions,1,RA 3,,Marker Started at 6,Two-Back Task
ESQ,6462.862799,,Intrusive_response,3.4,Experience Sampling Questions,1,RA 3,,Marker Started at 8,Two-Back Task
ESQ,6466.049015,,Other_response,3.2,Experience Sampling Questions,1,RA 3,,Marker Started at 8,Two-Back Task
ESQ,6469.534161,,Deliberate_response,4.3,Experience Sampling Questions,1,RA 3,,Marker Started at 2,Two-Back Task
ESQ,6473.621436,,Distracting_response,3.3,Experience Sampling Questions,1,RA 3,,Marker Started at 6,Two-Back Task
ESQ,6476.723804,,Problem_response,5,Experience Sampling Questions,1,RA 3,,Marker Started at 4,Two-Back Task
ESQ,6479.642377,,Images_response,8.8,Experience Sampling Questions,1,RA 3,,Marker Started at 2,Two-Back Task
ESQ,6483.396014,,Future_response,2.6,Experience Sampling Questions,1,RA 3,,Marker Started at 5,Two-Back Task
ESQ,6489.233794,,Absorption_response,3.3,Experience Sampling Questions,1,RA 3,,Marker Started at 5,Two-Back Task
ESQ,6493.170217,,Words_response,6.1,Experience Sampling Questions,1,RA 3,,Marker Started at 2,Two-Back Task
ESQ,6497.823237,,Emotion_response,2.3,Experience Sampling Questions,1,RA 3,,Marker Started at 6,Two-Back Task
ESQ,6502.193876,,Knowledge_response,2.7,Experience Sampling Questions,1,RA 3,,Marker Started at 8,Two-Back Task
ESQ,6505.563335,,Past_response,7.3,Experience Sampling Questions,1,RA 3,,Marker Started at 9,Two-Back Task
ESQ,6508.532144,,Self_response,2.2,Experience Sampling Questions,1,RA 3,,Marker Started at 8,Two-Back Task
 ,,,,,,,,,,
Runtime Mod,-10,,,,,,,,,
EXPERIMENT DATA:,Two-Back Task,,,,,,,,,
Start Time,6508.549153,,,,,,,,,
EXPERIMENT DATA:,Experience Sampling Questions,,,,,,,,,
Start Time,6577.774867,,,,,,,,,
ESQ,6583.474847,,Words_response,2.3,Experience Sampling Questions,1,RA 3,,Marker Started at 6,Two-Back Task
ESQ,6586.577155,,Detailed_response,3.7,Experience Sampling Questions,1,RA 3,,Marker Started at 10,Two-Back Task
ESQ,6590.980657,,Past_response,9.1,Experience Sampling Questions,1,RA 3,,Marker Started at 7,Two-Back Task
ESQ,6594.199982,,Problem_response,3.3,Experience Sampling Questions,1,RA 3,,Marker Started at 5,Two-Back Task
ESQ,6597.518916,,Absorption_response,2.3,Experience Sampling Questions,1,RA 3,,Marker Started at 4,Two-Back Task
ESQ,6600.521665,,Emotion_response,2.9,Experience Sampling Questions,1,RA 3,,Marker Started at 4,Two-Back Task
ESQ,6603.873862,,Intrusive_response,3.2,Experience Sampling Questions,1,RA 3,,Marker Started at 10,Two-Back Task
ESQ,6606.693284,,Deliberate_response,3.3,Experience Sampling Questions,1,RA 3,,Marker Started at 8,Two-Back Task
ESQ,6610.313183,,Self_response,3.3,Experience Sampling Questions,1,RA 3,,Marker Started at 9,Two-Back Task
ESQ,6613.016002,,Other_response,2.5,Experience Sampling Questions,1,RA 3,,Marker Started at 5,Two-Back Task
ESQ,6616.133673,,Images_response,8.7,Experience Sampling Questions,1,RA 3,,Marker Started at 3,Two-Back Task
ESQ,6619.419575,,Knowledge_response,3.7,Experience Sampling Questions,1,RA 3,,Marker Started at 10,Two-Back Task
ESQ,6622.155987,,Sounds_response,3.3,Experience Sampling Questions,1,RA 3,,Marker Started at 6,Two-Back Task
ESQ,6626.876169,,Distracting_response,3.2,Experience Sampling Questions,1,RA 3,,Marker Started at 6,Two-Back Task
ESQ,6632.881855,,Future_response,3,Experience Sampling Questions,1,RA 3,,Marker Started at 3,Two-Back Task
ESQ,6638.034883,,Focus_response,4,Experience Sampling Questions,1,RA 3,,Marker Started at 4,Two-Back Task
